,folds,test_auc,val_auc,test_acc,val_acc
0,0,0.8421052631578948,0.855263157894737,0.7435897435897436,0.8461538461538461
1,1,0.9026315789473685,0.6000000000000001,0.7948717948717949,0.6153846153846154
2,2,0.75,0.868421052631579,0.6923076923076923,0.7948717948717949
3,3,0.7973684210526316,0.6894736842105263,0.717948717948718,0.641025641025641
4,4,0.8894736842105263,0.8078947368421052,0.7692307692307692,0.717948717948718
