,folds,test_auc,test_acc
0,0,0.8914473684210527,0.7428571428571429
1,1,0.8627450980392157,0.7142857142857143
2,2,0.9607843137254901,0.9142857142857143
3,3,0.8486842105263157,0.8857142857142857
4,4,0.9542483660130718,0.8857142857142857
5,5,0.8790849673202614,0.8285714285714285
6,6,0.7666666666666666,0.8285714285714285
7,7,0.8137254901960784,0.7142857142857143
8,8,0.7833333333333333,0.7142857142857143
9,9,0.8566666666666667,0.7142857142857143
