,folds,test_auc,val_auc,test_acc,val_acc
0,0,0.868421052631579,0.8736842105263157,0.7692307692307692,0.7692307692307692
1,1,0.9289473684210526,0.7868421052631578,0.8461538461538461,0.641025641025641
2,2,0.6894736842105263,0.8131578947368422,0.6666666666666667,0.717948717948718
3,3,0.8394736842105264,0.7052631578947368,0.7948717948717949,0.6923076923076923
4,4,0.9052631578947369,0.8342105263157894,0.8461538461538461,0.7692307692307692
